[{"totalWeight": 46, "attributes": [{"attributeName": "eyes_bluenormal", "weight": 20, "payload": [{"ImageLocation": "Attributes/!4Eyes/Eyes_bluenormal.png"}]}, {"attributeName": "eyes_brownnormal", "weight": 20, "payload": [{"ImageLocation": "Attributes/!4Eyes/Eyes_brownnormal.png"}]}, {"attributeName": "eyes_demonic", "weight": 1, "payload": [{"ImageLocation": "Attributes/!4Eyes/Eyes_demonic.png"}]}, {"attributeName": "eyes_derp", "weight": 5, "payload": [{"ImageLocation": "Attributes/!4Eyes/Eyes_derp.png"}]}]}]