[{"totalWeight": 100, "attributes": [{"attributeName": "facial hairs_goatee", "weight": 10, "payload": [{"ImageLocation": "Attributes/!5Facial Hairs/Facial Hairs_goatee.png"}]}, {"attributeName": "facial hairs_moustache", "weight": 30, "payload": [{"ImageLocation": "Attributes/!5Facial Hairs/Facial Hairs_moustache.png"}]}, {"attributeName": "facialhair_fluffybrown", "weight": 20, "payload": [{"ImageLocation": "Attributes/!5Facial Hairs/FacialHair_FluffyBrown.png"}]}, {"attributeName": "facialhairs_blank", "weight": 40, "payload": [{"ImageLocation": "Attributes/!5Facial Hairs//FacialHairs_Blank.png"}]}]}]