[
  {
    "totalWeight": 42,
    "attributes": [
      {
        "attributeName": "mouths_rabbit",
        "weight": 4,
        "payload": [
          {
            "ImageLocation": "Attributes/!4Mouths/Mouths_rabbit.png"
          }
        ]
      },
      {
        "attributeName": "mouths_shocked",
        "weight": 10,
        "payload": [
          {
            "ImageLocation": "Attributes/!4Mouths/Mouths_shocked.png"
          }
        ]
      },
      {
        "attributeName": "mouths_smirk",
        "weight": 20,
        "payload": [
          {
            "ImageLocation": "Attributes/!4Mouths/Mouths_smirk.png"
          }
        ]
      },
      {
        "attributeName": "mouths_stick_out_tongue",
        "weight": 8,
        "payload": [
          {
            "ImageLocation": "Attributes/!4Mouths/Mouths_stick_out_tongue.png"
          }
        ]
      }
    ]
  }
]