[{"totalWeight": 62, "attributes": [{"attributeName": "body_bluehoodie", "weight": 20, "payload": [{"ImageLocation": "Attributes/!1BaseSprite_body/Body_BlueHoodie.png"}]}, {"attributeName": "body_greenhoodie", "weight": 20, "payload": [{"ImageLocation": "Attributes/!1BaseSprite_body/Body_GreenHoodie.png"}]}, {"attributeName": "body_overalls", "weight": 10, "payload": [{"ImageLocation": "Attributes/!1BaseSprite_body/Body_Overalls.png"}]}, {"attributeName": "body_tuxedo", "weight": 10, "payload": [{"ImageLocation": "Attributes/!1BaseSprite_body/Body_Tuxedo.png"}]}, {"attributeName": "body_tuxedoflower", "weight": 2, "payload": [{"ImageLocation": "Attributes/!1BaseSprite_body/Body_TuxedoFlower.png"}]}]}]