[{"totalWeight": 38, "attributes": [{"attributeName": "background_darkgreen", "weight": 10, "payload": [{"ImageLocation": "Attributes/!0Background/Background_DarkGreen.png"}]}, {"attributeName": "background_infernalmadness", "weight": 1, "payload": [{"ImageLocation": "Attributes/!0Background/Background_InfernalMadness.png"}]}, {"attributeName": "background_lightblue", "weight": 20, "payload": [{"ImageLocation": "Attributes/!0Background/Background_lightBlue.png"}]}, {"attributeName": "background_purple", "weight": 7, "payload": [{"ImageLocation": "Attributes/!0Background/Background_Purple.png"}]}]}]