[{"totalWeight": 47, "attributes": [{"attributeName": "hats_blackbeanie", "weight": 10, "payload": [{"ImageLocation": "Attributes/!7Hats/Hats_blackbeanie.png"}]}, {"attributeName": "hats_straw hat", "weight": 5, "payload": [{"ImageLocation": "Attributes/!7Hats/Hats_straw hat.png"}]}, {"attributeName": "hats_tophat", "weight": 2, "payload": [{"ImageLocation": "Attributes/!7Hats/Hats_tophat.png"}]}, {"attributeName": "hats_blank", "weight": 30, "payload": [{"ImageLocation": "Attributes/!7Hats//Hats_Blank.png"}]}]}]