[{"totalWeight": 33, "attributes": [{"attributeName": "hairs_blondemessy", "weight": 10, "payload": [{"ImageLocation": "Attributes/!6Hairs/Hairs_blondemessy.png"}]}, {"attributeName": "hairs_brownmessy", "weight": 10, "payload": [{"ImageLocation": "Attributes/!6Hairs/Hairs_brownmessy.png"}]}, {"attributeName": "hairs_emo", "weight": 5, "payload": [{"ImageLocation": "Attributes/!6Hairs/Hairs_emo.png"}]}, {"attributeName": "hairs_blank", "weight": 8, "payload": [{"ImageLocation": "Attributes/!6Hairs//Hairs_Blank.png"}]}]}]